{
    "max_depth": 8,
    "learning_rate": 0.19949408015723535,
    "min_child_weight": 0.5014103546338081,
    "subsample": 0.9796578690383126,
    "colsample_bytree": 0.74604546715046,
    "gamma": 1.3566434831607767e-06,
    "reg_alpha": 1.432945455994234e-05,
    "reg_lambda": 4.373170475485109,
    "objective": "reg:squarederror",
    "eval_metric": "rmse",
    "tree_method": "hist",
    "device": "cuda",
    "random_state": 42
}