{
    "max_depth": 8,
    "learning_rate": 0.18318643260825732,
    "min_child_weight": 3.581917670378945,
    "subsample": 0.9848002836238421,
    "colsample_bytree": 0.7192161508555138,
    "gamma": 1.0756581368491034e-06,
    "reg_alpha": 0.5395013722254132,
    "reg_lambda": 0.020198074115012815,
    "objective": "reg:squarederror",
    "eval_metric": "rmse",
    "tree_method": "hist",
    "device": "cuda",
    "random_state": 42
}