{
    "model": "xgboost",
    "best_value_rmse": -0.020941397621967395,
    "best_params": {
        "learning_rate": 0.053049527081118056,
        "max_depth": 12,
        "subsample": 0.7605323064542029,
        "colsample_bytree": 0.8196136860746557,
        "gamma": 0.7788597278933823,
        "min_child_weight": 0.05013328776158206
    }
}