{
    "n_estimators": 1402,
    "max_depth": 13,
    "learning_rate": 0.0967781648321445,
    "min_child_weight": 0.4503482778649507,
    "subsample": 0.9254034900356843,
    "colsample_bytree": 0.9612730597795256,
    "gamma": 1.8913610206112394e-06,
    "reg_alpha": 0.2291724644740108,
    "reg_lambda": 1.3701791297793469,
    "objective": "reg:squarederror",
    "eval_metric": "rmse",
    "tree_method": "hist",
    "device": "cuda",
    "random_state": 42
}