split,RMSE,MAE,R2
overall,0.007275932934135199,0.004344572313129902,0.9844727516174316
fwns_low,0.0030016934033483267,0.0016725168097764254,0.9926011562347412
fwns_medium,0.0052216979674994946,0.0037219999358057976,0.9503763914108276
fwns_high,0.011069836094975471,0.007639198563992977,0.9855170845985413
