{
    "n_estimators": 44,
    "max_depth": 10,
    "learning_rate": 0.2090657676847805,
    "subsample": 0.803905252075443,
    "colsample_bytree": 0.8933913252108558,
    "min_child_weight": 0.28946114977332166,
    "verbosity": 0,
    "random_state": 42,
    "device": "cuda",
    "objective": "reg:squarederror",
    "eval_metric": "rmse",
    "tree_method": "hist"
}