{
    "n_estimators": 1412,
    "max_depth": 16,
    "learning_rate": 0.12289892636386794,
    "min_child_weight": 0.8688959142918958,
    "subsample": 0.9510313302142707,
    "colsample_bytree": 0.9896176725148148,
    "gamma": 3.1462069906546283e-06,
    "reg_alpha": 0.9856534222577777,
    "reg_lambda": 0.1364537081255728,
    "objective": "reg:squarederror",
    "eval_metric": "rmse",
    "tree_method": "hist",
    "device": "cuda",
    "random_state": 42
}