{
    "MAE": 0.020077219232916832,
    "RMSE": 0.03883109986782074,
    "R2": 0.5724501609802246
}