MAE,RMSE,R2
0.01950954459607601,0.0380055196583271,0.5763473510742188
