{
    "MAE": 0.03463692218065262,
    "RMSE": 0.05305170640349388,
    "R2": 0.17450344562530518
}